encryptJobId,工作名称,工资,学历要求,技术要求,工作经验要求,工作介绍,工作区域,工作详细地址,详情链接,公司,公司阶段,公司行业,公司规模,公司介绍,公司福利,公司主页,公司全称,公司简介,主营产品,公司地址,联系方式
ae077667cb4137e51Hxz29W7FlBW,资深皮具RD工程师,12-16K,学历不限,[],3-5年,"我司主要生产汽车头枕，抱枕，钥匙卡包，纸巾包、收纳盒等等汽车用品衍生品，以及箱包手袋等产品。
岗位职责
1.负责产品的工艺、结构、工装、治具的设计及研发
2、负责编制产品的工艺流程图
3、负责通过工程设计，降低生产工序难度，提升生产效率，保证产品质量一致性
4、负责制作量产前标准样件，给到生产部门及品质部门
5、负责与对接客户交流产品工艺实现方案
6、持续优化设计产品工艺，由繁变简。
岗位要求
1、熟练博格或其他纸板系统、CAD软件等
2、有电压皮具、治具工装设计、箱包皮具工程研发，3年以上经验
3、熟悉箱包皮具各种技术及工艺
4、熟练常用办公软件
5、为人正直善良、艰苦奋斗、虚心进取、善于思考、品质意识强

待遇：
10K-16K元/月，面试看能力确认
月休4天，试用期3个月，有医保社保、包工作餐",广州增城区增江,广州增城区INSUKI广州市增城区增江街塔山大道135号1幢办公楼（喜潮公司）,https://www.zhipin.com/job_detail/ae077667cb4137e51Hxz29W7FlBW.html,喜潮坊,不需要融资,其他制造业,100-499人,"我们有16年的汽车用品行业生产与管理经验，专注生产汽车头枕、颈枕、腰靠、抱枕、坐垫、箱包手袋皮具等中高端产品。我们有成熟的生产流程、健全的质量体系并已通过了IATF16949认证，优质的供应商资源。我们有专业的技术研发团队、多年的专业技术积累，让设计能得到更极致的呈现效果。从而能减少双方的沟通成本，缩短项目的落地周期，有效的降低客户开发产品的隐性成本，让客户在我们的产品领域少走弯路。随着我国新能源汽车的蓬勃发展，我们也在不断提高自身认知，相信能给与客户更专业优质的服务，
我们生产相关人员130人，质量人员13人，管理人员28人研发人员8人，设计人员3人，目前缝纫类产品月产能达20万件皮具相关产品月产能达2万件，
我们每年投入充裕的资金，用于升级先进的生产设备;提升产品的工艺效果，使产品的品质更加稳定。我们常用生产设备德国杜克普、日本JUKI重机缝纫机，电脑数控裁床等。
我们的价值观---诚信、务实、创新、共赢。","['底薪加提成', '股票期权', '节假日加班费', '团建聚餐', '工龄奖', '节日福利', '保底工资', '包吃', '全勤奖', '绩效奖金', '年终奖']",https://www.zhipin.com/gongsi/0030690c511c46611XR83t-4E1U~.html,「喜潮坊招聘」-BOSS直聘,"我们有16年的汽车用品行业生产与管理经验，专注生产汽车头枕、颈枕、腰靠、抱枕、坐垫、箱包手袋皮具等中高端产品。我们有成熟的生产流程、健全的质量体系并已通过了IATF16949认证，优质的供应商资源。我们有专业的技术研发团队、多年的专业技术积累，让设计能得到更极致的呈现效果。从而能减少双方的沟通成本，缩短项目的落地周期，有效的降低客户开发产品的隐性成本，让客户在我们的产品领域少走弯路。随着我国新能源汽车的蓬勃发展，我们也在不断提高自身认知，相信能给与客户更专业优质的服务，
我们生产相关人员130人，质量人员13人，管理人员28人研发人员8人，设计人员3人，目前缝纫类产品月产能达20万件皮具相关产品月产能达2万件，
我们每年投入充裕的资金，用于升级先进的生产设备;提升产品的工艺效果，使产品的品质更加稳定。我们常用生产设备德国杜克普、日本JUKI重机缝纫机，电脑数控裁床等。
我们的价值观---诚信、务实、创新、共赢。",我们有16年的汽车用品行业生产与管理经验，专注生产汽车头枕、颈枕、腰靠、抱枕、坐垫、箱包手袋皮具等中高端产品。我们有成熟的生产流程、健全的质量体系并已通过了IATF16949认证，优质的供应商资源。我们有专业的技术研发团队、多年的专业技术积,,
2acfd53d5a4bd4cc0nF72ti-FlNT,皮具板房师傅,8-11K,高中,[],5-10年,"岗位职责:  
1. 负责⽪具样板的制作与⼯艺指导，确保样品符合设计要求  
2. 协调板房⽇常运作，把控打板进度与质量  

任职要求：  
1. 善于沟通、按时完成上级交给的工作  
2. 拥有良好的团队合作精神，能迅速融入团队  
3. 具备良好的学习能⼒，能够不断改进工作方法
4.会时高电脑出格，且有5年以上出格经验。",广州花都区狮岭,广州花都区广州名狼箱包有限公司,https://www.zhipin.com/job_detail/2acfd53d5a4bd4cc0nF72ti-FlNT.html,广州名狼箱包有限公司,,服装/纺织,100-499人,,[],https://www.zhipin.com/gongsi/6ed9cac498ac8d731nx43N24GFI~.html,「广州名狼箱包有限公司招聘」-BOSS直聘,,,,
459120890d285feb0nZ72N66FlNY,皮具收发,6-8K,学历不限,"['货物出库', '货物验收/入库']",1-3年,"诚聘 招⽪具专业收发1名，⽣⼿勿扰，有包包从业经验者优先，做事勤快，会冲床补数，上下装车，清点材料，会骑电动车看导航，月薪6000-8000
工作地址：狮岭镇宝峰北路均⼀新街万联百货附近
 联系电话：***********",广州花都区狮岭,广州花都区美地公寓7巷7号,https://www.zhipin.com/job_detail/459120890d285feb0nZ72N66FlNY.html,蓝湉皮具,,其他制造业,20-99人,,[],https://www.zhipin.com/gongsi/6f3aa17bc4ba07511HJ72tu_GFU~.html,「蓝湉皮具招聘」-BOSS直聘,,,,
0f089e9894775aa403B63Nu9ElpQ,仓库管理（箱包皮具厂）,5-7K,学历不限,[],1-3年,"岗位职责:
1. 负责仓库日常管理，确保仓库运作顺畅
2. 监督仓库内部的物流活动，保证生产效率
3. 维护仓库秩序，确保安全标准得到遵守

任职要求：

1. 具备良好的组织和管理能力，能够高效地完成任务
2. 能够与团队成员紧密合作，共同推动项目进展
3. 对工作细致认真，能够适应快节奏的工作环境，有电脑操作经验
4. 要求有皮具行业经验。有做过手袋厂，皮具厂，女包，熟悉皮料五金辅料优先。
5. 需要帮助搬运货物",广州白云区嘉禾,广州白云区广州众佳创实业有限公司,https://www.zhipin.com/job_detail/0f089e9894775aa403B63Nu9ElpQ.html,众佳创皮具,,服装/纺织,100-499人,,[],https://www.zhipin.com/gongsi/76c3ad25120a5d240Hd43t-5FA~~.html,「众佳创皮具招聘」-BOSS直聘,,,,
915eb803358dce0a0nN929W-FlNV,生产跟单组长+箱包/皮具行业+社保+包餐,8-10K,中专/中技,"['跟单经验', '单休', '五险', '包吃', '不需要出差', '服装/纺织/鞋包经验']",3-5年,"岗位福利：社保、包吃、住房补贴、表现奖、全勤奖、工龄服务奖、年终奖金、保底提成、定期团建/活动/旅游、过节福利等。

岗位职责：
1.严格按照公司的《跟单操作流程》，保质保量的完成公司分配给自已的订单跟单任务，
2.落实新订单的对单细节会，传达与制订打样单给板房，
3.跟进打样的进度及质量，及时汇报准确的信息给公司销售，
4.追踪公司销售，客人对样板的确认意见及进度，及时反馈信息给相关部门（板房，数据），
5.及时跟进数据中⼼的ERP成本及汇总资料制作的进度，
6.跟进⾤购对订单材料的⾤购进度（包含签核订单正确色卡及下达确认采购联系单），
7.跟进与核对材料进仓的品质与数量，
8.跟进⽣产部门的生产计划，
9.跟进生产单位的产前样品和试产样，确认产前样和试产样的品质和主持产前会议的召开，并对试产成品分打，桃选验收样和包装标准样。
10.生产进度的跟进及生产品质的监督，
11.制订包装资料和包装指令，跟进包装材料的采购进度，
12.生产单位完成成品的品质尾检工作（要做尾检报告），包好包装标准样，组织包装部门召开包装品质注意事项会议，
13.对包装线上自已负责的订单的品质巡检，成品包装完成后按AQL标产准进行FQC检验工作（写FQC报告），并制订装柜指令给出货部门，
14.装柜与监柜的核实，并反馈出货后的实际情况给公司销售（是否有短出少装情况），
15.所有订单出货后的资料建档（包含订单文件，色卡，确认板，留底样），
16.每张订单的完结后及时作操作总结：总结该张订单在操作过程中出现的品质或数量问题，
17.对自已小组的其他成员进行工作监督和协助。

任职要求：
1、负责审核生产订单，并对本小组所有生产订单的品质，货期进行监控、指导。
2、负责监督，检查，指导本小组生产跟单工作。
3、协助培养跟单储备人员。
4、跟踪本小组成员的日常跟单工作，并协助他们解决出现的品质、货期等问题。
5、负责对已完成的订单进行收集、整理，归档并交至跟单主管
6、协助跟单，积极与其他部门进行业务沟通。
7、参与生产总部管理团队的日常管理工作。
8、当公司内部其他部门、其他成员需要协助时，应主动、积极予以配合、协调和提供服务。
9、完成上级交付的其他工作。",广州花都区狮岭,广州花都区广州润裕皮具有限公司(东南门)联合路4号,https://www.zhipin.com/job_detail/915eb803358dce0a0nN929W-FlNV.html,启联,未融资,服装/纺织,500-999人,"广州市启联箱包有限公司是一家专业经营各类箱包产品，以出口为导向，以实业为支撑，以研发为动力的工贸一体的股份合作制企业。
       公司团队由一群富有朝气、行业经验丰富、目标一致、高效团结的专业人员组成。
       公司的发展目标是成为世界知名品牌的合作伙伴。目前为止，公司的合作伙伴遍布五大洲，主要客户有：欧洲时尚电商排名***的Zalando，定位城市中高端百货的西班牙ECI，定位全球连锁便捷的Aldi，定位时尚连锁大卖场的澳洲Kmart。与公司合作的品牌包括时尚品牌ZARA，parfois、Tommy hilfiger和Eland，运动品牌Head、儿童品牌Barbie等。
      公司始终秉持“共同创造、共同分享、共存共荣”的核心价值观，从公司经营团队中不断壮大股份持有者比例。
       公司相继在广州花都区狮岭镇、肇庆市鼎湖区、贵州独山县分别建立了全资运营的生产基地——广州润裕皮具有限公司、肇庆诚裕手袋厂、贵州省独山钧裕皮具有限公司。目前公司所属各生产企业生产、生活使用总面积总计26000㎡，在册生产人员超500人。
       公司始终坚守“让启联人过上更美好生活”的初心，“让启联的事业基业长青”的使命，以及“为成员、为供应链上下游客户、为社会创造价值”的宗旨。近五年，参与国家扶贫攻坚项目，在贵州投资兴办扶贫车间，下属生产企业连续多年被评为当地A级纳税企业和重点企业，约1/3员工获得公司低息购房贷款，从而实现了人生初次置业的梦想。","['定期体检', '意外险', '节日福利', '年终奖', '团建聚餐', '补充医疗保险', '免费工装', '生日福利', '包吃', '员工旅游', '团建', '通讯补贴', '绩效奖金', '带薪年假', '五险一金']",https://www.zhipin.com/gongsi/e7fd31136ad36e4b0nB82Nm7Ew~~.html,「启联招聘」-BOSS直聘,"广州市启联箱包有限公司是一家专业经营各类箱包产品，以出口为导向，以实业为支撑，以研发为动力的工贸一体的股份合作制企业。
       公司团队由一群富有朝气、行业经验丰富、目标一致、高效团结的专业人员组成。
       公司的发展目标是成为世界知名品牌的合作伙伴。目前为止，公司的合作伙伴遍布五大洲，主要客户有：欧洲时尚电商排名***的Zalando，定位城市中高端百货的西班牙ECI，定位全球连锁便捷的Aldi，定位时尚连锁大卖场的澳洲Kmart。与公司合作的品牌包括时尚品牌ZARA，parfois、Tommy hilfiger和Eland，运动品牌Head、儿童品牌Barbie等。
      公司始终秉持“共同创造、共同分享、共存共荣”的核心价值观，从公司经营团队中不断壮大股份持有者比例。
       公司相继在广州花都区狮岭镇、肇庆市鼎湖区、贵州独山县分别建立了全资运营的生产基地——广州润裕皮具有限公司、肇庆诚裕手袋厂、贵州省独山钧裕皮具有限公司。目前公司所属各生产企业生产、生活使用总面积总计26000㎡，在册生产人员超500人。
       公司始终坚守“让启联人过上更美好生活”的初心，“让启联的事业基业长青”的使命，以及“为成员、为供应链上下游客户、为社会创造价值”的宗旨。近五年，参与国家扶贫攻坚项目，在贵州投资兴办扶贫车间，下属生产企业连续多年被评为当地A级纳税企业和重点企业，约1/3员工获得公司低息购房贷款，从而实现了人生初次置业的梦想。","广州市启联箱包有限公司是一家专业经营各类箱包产品，以出口为导向，以实业为支撑，以研发为动力的工贸一体的股份合作制企业。
       公司团队由一群富有朝气、行业经验丰富、目标一致、高效团结的专业人员组成。
       公司的发展目标是成",,
faee3035ebb13efe0nNz39S5GFtV,生产跟单（皮具、饰品类）,5-7K,大专,"['跟单经验', 'ERP系统经验', '五险', '不需要出差', '服装/纺织/鞋包经验']",3-5年,"1、下单给委托工厂，准备并督促工厂领料（专⽤⾯料、⾥料、包材、五金等）
2、成本核价，核对各订单所需物料用量
3、ERP系统建⽴商品档案
4、工厂产前版审板确认
5、负责与工厂沟通说明订单交货期，生产要求，包装细节以及注意事项，确保订单按期按质完成
6、负责跟进订单生产进度，及时协助解决生产过程中异常问题，并定期反馈相关部门，
7、出现质量问题与工厂对接沟通解决。
工作地点：广州市白云区广花三路360号高士汇C栋801-804室",广州白云区江高,广州白云区高士汇·国际产业创新中心C栋801-804室,https://www.zhipin.com/job_detail/faee3035ebb13efe0nNz39S5GFtV.html,广州苗依服饰有限公司,不需要融资,批发/零售,20-99人,"卡帝乐鳄鱼（CARTELO）于1947年开始在新加坡创立。
于1993年成功在上海市开设了***家卡帝乐鳄鱼专卖店，CARTELO人群拥有时代的新思维、新视角，注重舒适亦时尚、经典亦潮流的体验，提供永恒、优质和功能性产品。
广州苗依服饰有限公司从一家大型皮具加工厂，到如今拥有全球知名皮具品牌总代理权型皮具企业，始终坚守“客户至上，品质第上”的经营理念，不断提升自身实力，增强市场竞争力。配备专业的产品研发团队、销售团队和售后服务团队，凭借强大的研发及制造实力、庞大的终端门店覆盖数量和广泛的市场影响力，现已成为皮具行业的领军者。

加入我们您可以享有：
1、完善的社会福利；
2、劳动法规定的所有节假日；
3、和谐、融洽的工作氛围及企业文化；
4、有挑战的工作平台，广阔的发展空间，及多方位培训增值的机会。","['餐补', '全勤奖', '保底工资']",https://www.zhipin.com/gongsi/db88411d40416ae11HN93ti1FFI~.html,「广州苗依服饰有限公司招聘」-BOSS直聘,"卡帝乐鳄鱼（CARTELO）于1947年开始在新加坡创立。
于1993年成功在上海市开设了***家卡帝乐鳄鱼专卖店，CARTELO人群拥有时代的新思维、新视角，注重舒适亦时尚、经典亦潮流的体验，提供永恒、优质和功能性产品。
广州苗依服饰有限公司从一家大型皮具加工厂，到如今拥有全球知名皮具品牌总代理权型皮具企业，始终坚守“客户至上，品质第上”的经营理念，不断提升自身实力，增强市场竞争力。配备专业的产品研发团队、销售团队和售后服务团队，凭借强大的研发及制造实力、庞大的终端门店覆盖数量和广泛的市场影响力，现已成为皮具行业的领军者。

加入我们您可以享有：
1、完善的社会福利；
2、劳动法规定的所有节假日；
3、和谐、融洽的工作氛围及企业文化；
4、有挑战的工作平台，广阔的发展空间，及多方位培训增值的机会。","卡帝乐鳄鱼（CARTELO）于1947年开始在新加坡创立。
于1993年成功在上海市开设了***家卡帝乐鳄鱼专卖店，CARTELO人群拥有时代的新思维、新视角，注重舒适亦时尚、经典亦潮流的体验，提供永恒、优质和功能性产品。
广州苗依服饰有限",,
bc811a7474844e530nF_3dm_ElJS,女包皮具工厂招台面管理,8-11K,学历不限,[],5-10年,"岗位职责:  
1. 负责女包生产台面的日常管理⼯作  
2. 协调⽣产流程，确保⼯序顺畅与质量达标  

任职要求：  
1. 有女包台面组长经验  
2. ⼯作认真负责，学习能力强  
3. 底薪8000+提成",广州白云区龙归,广州白云区越海皮具有限公司,https://www.zhipin.com/job_detail/bc811a7474844e530nF_3dm_ElJS.html,越海皮具,,服装/纺织,20-99人,,[],https://www.zhipin.com/gongsi/8a1ab5dcce17a7fc3nd70961FQ~~.html,「越海皮具招聘」-BOSS直聘,,,,
160fe0d8b5383c330nJ729S5GFZY,仓管（皮具厂包吃包住）,5-7K,学历不限,[],经验不限,"岗位描述：
1、执行库存管理流程、熟悉物料放置位置；
2、信息系统数据的录入、填写和传递，相关单证、报表的整理和归档；
3、定期核对仓库数据并实地盘点，检查监督出、入库手续；
4、完成上级交办的其他⼯作。

任职资格：
1、熟悉仓储库存管理流程，掌握进销存管理基本知识；
2、熟练操作办公管理软件；
3、良好的沟通、分析能⼒及团队合作精神，⼯作认真，责任心强。岗位职责：
任职要求：
相关仓库管理工作经验、熟悉真⽪优先，熟练使用办公室软件，具备基本的网络知识，细心耐心，吃苦耐劳
上班时间：早上8：00-12：00，中午13：30-18：00，18:30-20:30",广州白云区嘉禾,广州白云区大布路工业区208号,https://www.zhipin.com/job_detail/160fe0d8b5383c330nJ729S5GFZY.html,乔娜皮具,未融资,服装/纺织,100-499人,"广州市乔娜皮具有限公司的确成立于2006年，是一家专业生产销售高档皮具时尚品的公司，公司地址位于广州市白云区均禾街大布路，拥有占地一万多平方米的生产基地及完善的组织架构和福利体系。‌
广州市乔娜皮具有限公司的详细信息如下：
‌成立时间与主营业务‌：公司成立于2006年，专注于高档皮具时尚品的生产和销售‌。
‌公司地址与交通‌：公司位于广州市白云区均禾街大布路，公司附近有公交车总站，且公司内部有停车位可供员工停放‌。
‌公司规模与生产设施‌：公司占地一万多平方米，拥有独立的办公楼、生产车间和宿舍大楼，员工人数近200人‌。
‌主营产品‌：公司主要生产手提包、背包、旅行包、公文包、钱包、皮带等皮具类产品，支持多元化的产品，批发定制均可‌。
‌组织架构‌：公司设有总经办、营销部、市场部、生产部、PMC部、财务部、行政部、人事部等完善的管理体系，为每一个员工提供完善的工作流程以及协助‌。
‌晋升机制‌：公司有完善、清晰的晋升机制，每年都会提供一次晋升的机会，优秀的员工均可参加竞选‌。
‌公司福利‌：
1、提供独立的饭堂，供应中餐和晚餐‌。
2、提供独立宿舍，有配套的住宿环境‌。
3、有独立的团建活动场所，可随时组织团建活动‌。
4、每月有丰富的下午茶和定期的零食发放‌。
5、累计假期天数大于国家规定的假期天数‌。
6、有独立可容纳150人的培训室，给员工传授专业知识‌。
7、为优秀员工提供外出培训的机会‌。
8、提供各种节日的福利、为员工购买保险、年终奖金以及分红等‌。
广州市乔娜皮具有限公司致力于为员工实现梦想、成就人生，无论是有丰富经验的员工还是心怀梦想的新人，都能在这里找到成长和发展的机会‌。","['通讯补贴', '团建聚餐', '保底工资', '员工旅游', '有无线网', '工龄奖', '宿舍有空调', '生日福利', '包吃', '节日福利', '年终奖', '包住', '五险', '零食下午茶', '底薪加提成', '餐补', '绩效奖金', '带薪年假', '住房补贴', '全勤奖']",https://www.zhipin.com/gongsi/ee7046ff92ae5e8c1nF40t67Fw~~.html,「乔娜皮具招聘」-BOSS直聘,"广州市乔娜皮具有限公司的确成立于2006年，是一家专业生产销售高档皮具时尚品的公司，公司地址位于广州市白云区均禾街大布路，拥有占地一万多平方米的生产基地及完善的组织架构和福利体系。‌
广州市乔娜皮具有限公司的详细信息如下：
‌成立时间与主营业务‌：公司成立于2006年，专注于高档皮具时尚品的生产和销售‌。
‌公司地址与交通‌：公司位于广州市白云区均禾街大布路，公司附近有公交车总站，且公司内部有停车位可供员工停放‌。
‌公司规模与生产设施‌：公司占地一万多平方米，拥有独立的办公楼、生产车间和宿舍大楼，员工人数近200人‌。
‌主营产品‌：公司主要生产手提包、背包、旅行包、公文包、钱包、皮带等皮具类产品，支持多元化的产品，批发定制均可‌。
‌组织架构‌：公司设有总经办、营销部、市场部、生产部、PMC部、财务部、行政部、人事部等完善的管理体系，为每一个员工提供完善的工作流程以及协助‌。
‌晋升机制‌：公司有完善、清晰的晋升机制，每年都会提供一次晋升的机会，优秀的员工均可参加竞选‌。
‌公司福利‌：
1、提供独立的饭堂，供应中餐和晚餐‌。
2、提供独立宿舍，有配套的住宿环境‌。
3、有独立的团建活动场所，可随时组织团建活动‌。
4、每月有丰富的下午茶和定期的零食发放‌。
5、累计假期天数大于国家规定的假期天数‌。
6、有独立可容纳150人的培训室，给员工传授专业知识‌。
7、为优秀员工提供外出培训的机会‌。
8、提供各种节日的福利、为员工购买保险、年终奖金以及分红等‌。
广州市乔娜皮具有限公司致力于为员工实现梦想、成就人生，无论是有丰富经验的员工还是心怀梦想的新人，都能在这里找到成长和发展的机会‌。",主营业务‌：公司成立于2006年，专注于高档皮具时尚品的生产和销售‌,,
7000d743472b4acf0nN429-4ElFS,皮具板房师傅,10-15K,学历不限,"['能够独立设计', '熟悉面/辅料市场', '箱包', '高端真皮皮具']",5-10年,"板房师傅

一、岗位硬性要求
1.从业经验：
5年以上高端真皮皮具板房独⽴出格经验，做过⾼端真⽪皮具类（牛⽪、羊皮、特种皮），精通真皮高端女包手工出格、电脑出格。（2年以上知名皮具品牌制版经验优先）
2. 专业技能:
.根据设计图稿制作皮具纸格，负责产品打样及工艺调整；
.负责新产品的板型开发，.精通真皮皮具产品开发全流程，熟悉皮料、五金等原材料的特性及成本结构

二、岗位职责：
1.全面负责板房的工作进程、跟进打样全过程，确保样品符合设计要求和客户需求；
参与生产工艺改进，提高产品质量和工艺标准；整理并归档产品出格资料与技术文件，维护纸格库，确保资料完整可追溯。
2.下达打样产品所需的材料采购单、制定板房工作计划。
3.遵守产品开发安排，按时完成样包制版工作。
4.有一定的品牌品质审美意识，保证产品款式新颖，迎合市场推广需求。
5.协助设计师对新产品款式的开发和提出合理性建议。
6.利用自身的行业背景和知识，在设计和制作上有效的控制成本，提出可参考性建议。
7.协助样品确认的审核、产品技术相关标准的制定、审核与监督执行。

三、其他要求
1.工艺技术攻坚：
研究新款式、新材料的工艺可行性，解决开发过程中的技术难点（如特殊结构、复杂工艺、新型材料处理）、制定生产工艺流程和制作方法。
2.具备良好的团队合作精神，能与设计、生产等部门良好沟通；
3.责任心强，品质观念强，工作细致，具有较强的创新意识。",广州白云区嘉禾,广州白云区盛源工业园凌海创意园,https://www.zhipin.com/job_detail/7000d743472b4acf0nN429-4ElFS.html,复兴龙,,批发/零售,0-20人,广东复兴龙实业有限公司，成立于2020年，公司位于中国皮具之都广州，是一家集产品设计、开发、生产于一体的工贸企业。公司主要生产高端真皮皮具产品，自有民族品牌复兴龙，产品工艺对标国际一线奢侈品。复兴东方皮具匠艺，以龙为精神图腾，东方美学和文化为产品设计理念。重拾中式高端皮具工艺，坚守手工古法传承国民精工，摆脱外来奢侈品长期垄断，打造属于中国人自己的传世皮具。致力成为中国百年高端皮具品牌。,[],https://www.zhipin.com/gongsi/01abf149f2ae18a41XN72d21FVs~.html,「复兴龙招聘」-BOSS直聘,广东复兴龙实业有限公司，成立于2020年，公司位于中国皮具之都广州，是一家集产品设计、开发、生产于一体的工贸企业。公司主要生产高端真皮皮具产品，自有民族品牌复兴龙，产品工艺对标国际一线奢侈品。复兴东方皮具匠艺，以龙为精神图腾，东方美学和文化为产品设计理念。重拾中式高端皮具工艺，坚守手工古法传承国民精工，摆脱外来奢侈品长期垄断，打造属于中国人自己的传世皮具。致力成为中国百年高端皮具品牌。,广东复兴龙实业有限公司，成立于2020年，公司位于中国皮具之都广州，是一家集产品设计、开发、生产于一体的工贸企业。公司主要生产高端真皮皮具产品，自有民族品牌复兴龙，产品工艺对标国际一线奢侈品。复兴东方皮具匠艺，以龙为精神图腾，东方美学和文化,,
39f78a99531e299a03182tm6FVRR,皮具1688业务销售员,6-10K,高中,[],1-3年,"工作内容：
1.通过公司内部数据库提供精准资源用旺旺跟客户联系。
2.处理所分询盘，接待客户，专业地向客户介绍产品，报价，业务洽谈，促成订单。
3.用网络销售技巧，微信等渠道开发新客户和销售及推广公司产品。
4.维护新老客户，了解客户的需求。

任职资格：
1.性别不限，23-45岁之间均可，喜欢销售行业，有销售热情和激情，良好的沟通能力和应变能力。
2.具有一年以上销售经验，有TOB销售或者皮具销售经验优先考虑，了解电销和网销的相关专业知识。
3.富有责任心、团队合作意识强，有执行力，目标感强。

【薪资福利】
1.无责底薪5-7k（根据面试表现综合判定）+成交奖励+提成，综合9K以上。
2.国家节假日正常休息，购买社保，带薪产假，婚假等
3.不定时下午茶，团建，不定期组织外出旅行
4.公司注重人才培育，带薪培训，提供全方位专业辅导，优秀员工可获到得阿里巴巴总部学习机会
5.晋升机制：业务员-主管-经理-总监
6.工作氛围轻松，没有条条框框约束。
【公司背景】阿里巴巴1688平台SKA百万年框核心商家，一家自主研发为核心，工贸一体为基础的皮具企业。",广州白云区嘉禾,广州白云区广州佰缔皮具厂,https://www.zhipin.com/job_detail/39f78a99531e299a03182tm6FVRR.html,广州佰缔皮具有限公司,,其他制造业,20-99人,,[],https://www.zhipin.com/gongsi/b2ed1f6c7453a0471H152t26GVs~.html,「广州佰缔皮具有限公司招聘」-BOSS直聘,,,,
42ddd54cff8bf7df0nNy3dm4EFRR,女鞋童鞋皮具外贸跟单员,6-8K,大专,"['外贸跟单', '英语可用于工作', '服饰鞋包', '女鞋', '童鞋']",3-5年,"【岗位职责】

1. 负责童鞋皮具订单的全流程跟进（打版、下单、物料采购、生产进度、品质把控、出货安排）；
2. 追踪大货订单，订购包装辅料，跟进⼯⼚完成订单并顺利出货；
3. 协助处理客户反馈的问题以及售后⼯作；
4. 与工厂保持良好沟通，确保⽣产工艺、包装标准等符合客户要求。

【任职要求】

· 大专及以上学历，具备女鞋和童鞋皮具行业经验。
· 沟通协调能力强，能有效统筹业务与生产部门的工作；
· 工作认真细致，责任心强；
· 熟练使用Word、Excel、PPT等办公软件；
· 英语听说读写能力优秀，能作为工作语言与国外客户进行日常沟通；


【薪资福利】

· 薪资待遇：面议；
· 社保福利： 五险一金；
· 工作时间： 9:00-18:00，双休。",广州海珠区琶洲,广州海珠区中洲中心南塔C座910,https://www.zhipin.com/job_detail/42ddd54cff8bf7df0nNy3dm4EFRR.html,广州比裴思,未融资,其他专业服务,0-20人,"广州比裴思信息科技有限公司成立于2015年，是一家专注于服务行业及产品研究、开发、管理的高科技企业，总部设立于风景秀丽的广州番禺雅居乐附近，并在香港，义乌，越南设有分支机构。公司资源实力雄厚，是国外客户与国内工厂的连接者。
公司自成立以来，始终坚持以人才为本、诚信立业的经营原则，将国外先进的信管理方法及企业经验与国内企业的具体实际相结合，为企业供给全方位的解决方案，使企业在激烈的市场竞争中始终坚持竞争力，实现企业快速、稳定地发展。
公司人才结构合理，拥有业务部，设计部，为了紧密跟踪服务方面的技术和行业发展特点，不断优化公司内部体系，令用户得到最优质的服务和最好的投资回报。",['五险一金'],https://www.zhipin.com/gongsi/793e81ffc7ca44aa1nd_3d65EFU~.html,「广州比裴思招聘」-BOSS直聘,"广州比裴思信息科技有限公司成立于2015年，是一家专注于服务行业及产品研究、开发、管理的高科技企业，总部设立于风景秀丽的广州番禺雅居乐附近，并在香港，义乌，越南设有分支机构。公司资源实力雄厚，是国外客户与国内工厂的连接者。
公司自成立以来，始终坚持以人才为本、诚信立业的经营原则，将国外先进的信管理方法及企业经验与国内企业的具体实际相结合，为企业供给全方位的解决方案，使企业在激烈的市场竞争中始终坚持竞争力，实现企业快速、稳定地发展。
公司人才结构合理，拥有业务部，设计部，为了紧密跟踪服务方面的技术和行业发展特点，不断优化公司内部体系，令用户得到最优质的服务和最好的投资回报。","广州比裴思信息科技有限公司成立于2015年，是一家专注于服务行业及产品研究、开发、管理的高科技企业，总部设立于风景秀丽的广州番禺雅居乐附近，并在香港，义乌，越南设有分支机构。公司资源实力雄厚，是国外客户与国内工厂的连接者。
公司自成立以来，",,
05fb84a79052897e03d-2N29E1dW,皮具生产质检和发货,5-6K,中专/中技,"['服装', '鞋', '成品检验（FQC）', '包包', '皮具', '皮鞋']",3-5年,"岗位职责:
1.负责皮具生产过程中的质量检查和控制
2.确保产品符合公司标准和客户要求
3.处理生产过程中的质量问题，及时反馈给相关部门

任职要求：
1.具备良好的质量意识和细致的工作态度
2.能够熟练运用相关质检经验和技能，熟悉皮具的材料和工艺
3.具备良好的沟通能力和团队合作精神",广州白云区龙归,广州白云区汇铭大厦,https://www.zhipin.com/job_detail/05fb84a79052897e03d-2N29E1dW.html,云匠皮具,不需要融资,批发/零售,0-20人,本公司拥有设计研发生产体系，有很好的行业基础和系统资源，是有梦想肯努力的年轻人自由成长的平台。为主播等客人提供高端女包女鞋首饰的研发生产售后服务。,"['底薪加提成', '保底工资', '绩效奖金', '五险一金']",https://www.zhipin.com/gongsi/002265d3c766d8560HJ-0t-4.html,「云匠皮具招聘」-BOSS直聘,本公司拥有设计研发生产体系，有很好的行业基础和系统资源，是有梦想肯努力的年轻人自由成长的平台。为主播等客人提供高端女包女鞋首饰的研发生产售后服务。,本公司拥有设计研发生产体系，有很好的行业基础和系统资源，是有梦想肯努力的年轻人自由成长的平台。为主播等客人提供高端女包女鞋首饰的研发生产售后服务。,,
5f0eee3b51af23740nNz09u8ElFW,皮具台面杂工,4-4.5K,学历不限,"['长白班', '无色盲/色弱']",1-3年,皮带打杂，台面打杂，过胶水洗油边这些要手脚麻利的，做事拖拉的不要,广州白云区三元里,广州白云区合益西街28号,https://www.zhipin.com/job_detail/5f0eee3b51af23740nNz09u8ElFW.html,广州市白云区三元...,,批发/零售,0-20人,,[],https://www.zhipin.com/gongsi/f8f50d5801a482ce1nF92Nm1ElU~.html,「广州市白云区三元...招聘」-BOSS直聘,,,,
7fedc619c30fef1903Z-3dy-FVRR,人事行政主管（擅长皮具行业招聘，狮岭）,8-12K·13薪,大专,[],5-10年,"岗位职责：
1.全面负责公司版房团队的招聘工作，制定并执行招聘计划，满足人才需求；
2.优化招聘流程，拓展和维护招聘渠道，提示招聘效率和质量；
3.负责简历筛选、面试安排与组织，与用人部门沟通协作，确保合适人才的选拔；
4.负责建立和维护人才储备库，为公司发展提供人才支持；
5.负责员工入职、劳动合同签订、转正、离职等流程跟进，规范档案管理及考勤薪资统计；
6.负责团建组织及员工活动的统筹安排，员工关系维护

任职要求：
1.全日制大专及以上学历，人力资源管理、行政管理等相关专业、皮具公司行业工作经验优先考虑；
2.五年以上人事行政管理经验，擅长招聘及员工关系调解；
3.熟练使用办公软件，具备一定的数据统计和分析能力；
4.工作积极主动、责任心强，有良好的团队合作精神和服务意识；
5.具备较强的抗压能力，能在规定时间内完成招聘任务

工作地点：花都狮岭
职位福利：五险、餐补、定期体检、高温补贴、节日福利、生日补贴、年度旅游、定期团建",广州花都区狮岭,广州花都区茂丰,https://www.zhipin.com/job_detail/7fedc619c30fef1903Z-3dy-FVRR.html,LONSON,不需要融资,进出口贸易,20-99人,温州茂丰进出口有限公司是一家快速发展的外贸企业，主要经营时尚女包、配饰产品，16年的专业经验与良好信誉，使我们成为欧美时尚品牌的稳定供应商。健全的福利制度、成熟的业务平台、稳定和充满活力的团队，让你快速融入新的大家庭。,"['生日福利', '节日福利', '保底工资', '带薪年假', '零食下午茶', '员工旅游', '五险一金', '绩效奖金', '节假日加班费', '加班补助', '全勤奖', '团建聚餐', '高温补贴', '年终奖', '定期体检']",https://www.zhipin.com/gongsi/f7e1094013e3e3791nF63di-Fg~~.html,「LONSON招聘」-BOSS直聘,温州茂丰进出口有限公司是一家快速发展的外贸企业，主要经营时尚女包、配饰产品，16年的专业经验与良好信誉，使我们成为欧美时尚品牌的稳定供应商。健全的福利制度、成熟的业务平台、稳定和充满活力的团队，让你快速融入新的大家庭。,温州茂丰进出口有限公司是一家快速发展的外贸企业，主要经营时尚女包、配饰产品，16年的专业经验与良好信誉，使我们成为欧美时尚品牌的稳定供应商。健全的福利制度、成熟的业务平台、稳定和充满活力的团队，让你快速融入新的大家庭。,,
1deff21cc8efef6f03B72Ny0GVdS,嘉禾地铁户外皮具皮革帐布跨境电商产品专员,6-10K,本科,"['海外产品', '需求分析', 'TO C', 'TO B', '使用场景分析', '产品设计', '用户增长', '市场调研']",3-5年,"职位描述：
负责户外产品（箱包、工具包、骑行、高尔夫、露营装备等）全生命周期管理，面向跨境电商渠道（欧美/日本/中东为主，挖掘南美，东南亚市场增量机会），推进产品商业化落地。

工作内容：
‌一、市场研究与需求洞察
1、分析欧美、日本、中东市场，了解客户需求，为产品开发提供数据支持。
2、挖掘南美、东南亚市场增量机会；
3、根据Amzon，Ebay，Alibaba等平台热销产品特征及用户评论痛点；
4、结合户外产品（箱包、工具包、骑行、高尔夫、露营装备等）开发市场需求。
二、产品线规划与设计、开发
1、根据不同市场分层，打造差异化产品（如欧洲：主打可持续皮革+模块化设计；日本：推出植鞣革工艺+极简收纳系统；中东：开发沙漠色系帆布+宗教文化适配款等）。
2、根据不同季节需求，制定产品策略；
3、平衡产品功能性与美观性，结合材料表现力（如：皮革纹理/帆布肌理）开发适合产品；
4、参考用户体验，与销售部门紧密合作、结合适合平台，打造跨境爆品；
三、供应链协同落地
1、确定目标市场与客户需求，根据信息定义具体产品功能与特性；
2、与采购部门，打板部门沟通材料要求，产品表现，实现产品落地，由虚变实；
3、与生产部门、外协供应商沟通生产细节，品质要求等，实现产品生产；
4、项目管理过程中，制定包括时间表，跟踪进度等，以解决问题；
四、跨境电商运营支持
1、设计符合市场需求的场景化卖点，打造产品包装；
2、追踪数据，以数据为支持，迭代产品，提高转化率；
五、产品生命周期管理
1、制定季节性产品退市策略；
2、建立跨境售后问题溯源机制，推动产品持续改进；
3、收集反馈，分析数据，研究对手或同类产品，优化产品，以增加销售机会或市场份额；

招聘要求：
1、全日制本科以上学历，5年以上工作经验，2年产品专员以上经验。
2、具备1个以上项目管理经验；
3、具备一定的设计应用软件使用能力，如CDR，PS等；
4、具备摄影技术，对拍摄有美感。
5、数据分析能力强及良好的定性分析、研判能力。",广州,广州广东省广州市白云区联边尹边联兴一路12号12号,https://www.zhipin.com/job_detail/1deff21cc8efef6f03B72Ny0GVdS.html,海博实业,未融资,进出口贸易,100-499人,"一、我司成立于1998年，是一家集贸易及制造为一体的外向型出口企业。
1、专注于跨境电子商务，凭借着成熟的销售网络，完善的办公系统，多年来稳定发展，业绩不断取得突破。
2、公司在阿里巴巴国际站深耕细作，得到过马云亲临指导。是阿里的深度合作伙伴，有着18年+的阿里金品诚企称号。
3、公司成立自己的品牌以来，在亚马逊、Ebay、速卖通、Wish、Lazada等平台上，销售业绩每年都以倍速增长。
4、公司工作环境雅致，文化开放，薪资优厚，人际关系简单，团队和睦，同事相处融洽，氛围好，有先进的培训体系和各岗位人员的人力资源规划，每位员工都能获得广泛的发展空间。
5、公司在2019年搬迁入新地址，向创意园靠拢，以便更好的发展贸易。目前对未来有着8年的长远规则。
6、公司每个部门均有10年+以上部门主管及精英骨干坐镇，凭借着成熟的销售网络，完善的办公系统，不断的取得进展和突破。未来有着良好的发展前景。

二、公司座落在白云区嘉禾街道与鹤龙街道交界处，原106国道及华南快速交叉其中，坐拥地利优势，交通方便：
1、距离2、3号线嘉禾望地铁站2.5公里，步行仅需30分钟；
2、距离21年开通的14号线鹤南地铁站1.5公里，步行仅需20分钟；
3、距离2号线黄边地铁站仅2.8公里，步行仅需40分钟；
4、距离21年开通的14号线彭边地铁站仅1.9公里，步行仅需20分钟。
   又位于嘉禾广场边上，商业气息繁华。
1、出门即可直接上华南快速，或进入106国道，进而连通各高速。
2、嘉禾广场数十公交汽车经过，快捷便利到达广州市各处。

三、公司具备优秀的管理团队和先进的管理理念。
    公司每年参加国外、国内的展会,有稳定的客源及坚强的合作伙伴，生产质量好有竞争力的产品。

四、工厂主要生产皮具、箱包及户外打猎、钓鱼产品，服务于欧美主要户外用品品牌公司。
公司内部讲究分工负责，团队合作的精神，用热情与活力来完成所接洽的事物。

    我们欢迎英语佳，有高度责任心和荣誉心，勇于接受挑战，并具所述资格的人才加入我们的行列。
 
待遇: 面议
福利待遇: 

1、免费提供食宿（每餐均为三菜一汤，全新的宿舍，宿舍配备独立卫生间两间、空调WIFI等；
2、按照国家法定规定发放节假日（春节假期为10-12天带薪休假），享有产假、假等假期；
3、每月定时发工资，按国家规定为员工购买社保；
4、定期举办员工娱乐活动、员工生日礼物、节假日礼品派发。
5、业务技巧的培训 业务PK文化 业务共享、年度达到公司指标的享受国内旅游。","['全勤奖', '团建聚餐', '带薪年假', '员工旅游', '补充医疗保险', '包住', '节日福利', '底薪加提成', '包吃', '住房补贴', '法定节假日三薪', '宿舍有空调', '五险一金']",https://www.zhipin.com/gongsi/084ad5e496e9f5701nZ53dm7ElM~.html,「海博实业招聘」-BOSS直聘,"一、我司成立于1998年，是一家集贸易及制造为一体的外向型出口企业。
1、专注于跨境电子商务，凭借着成熟的销售网络，完善的办公系统，多年来稳定发展，业绩不断取得突破。
2、公司在阿里巴巴国际站深耕细作，得到过马云亲临指导。是阿里的深度合作伙伴，有着18年+的阿里金品诚企称号。
3、公司成立自己的品牌以来，在亚马逊、Ebay、速卖通、Wish、Lazada等平台上，销售业绩每年都以倍速增长。
4、公司工作环境雅致，文化开放，薪资优厚，人际关系简单，团队和睦，同事相处融洽，氛围好，有先进的培训体系和各岗位人员的人力资源规划，每位员工都能获得广泛的发展空间。
5、公司在2019年搬迁入新地址，向创意园靠拢，以便更好的发展贸易。目前对未来有着8年的长远规则。
6、公司每个部门均有10年+以上部门主管及精英骨干坐镇，凭借着成熟的销售网络，完善的办公系统，不断的取得进展和突破。未来有着良好的发展前景。

二、公司座落在白云区嘉禾街道与鹤龙街道交界处，原106国道及华南快速交叉其中，坐拥地利优势，交通方便：
1、距离2、3号线嘉禾望地铁站2.5公里，步行仅需30分钟；
2、距离21年开通的14号线鹤南地铁站1.5公里，步行仅需20分钟；
3、距离2号线黄边地铁站仅2.8公里，步行仅需40分钟；
4、距离21年开通的14号线彭边地铁站仅1.9公里，步行仅需20分钟。
   又位于嘉禾广场边上，商业气息繁华。
1、出门即可直接上华南快速，或进入106国道，进而连通各高速。
2、嘉禾广场数十公交汽车经过，快捷便利到达广州市各处。

三、公司具备优秀的管理团队和先进的管理理念。
    公司每年参加国外、国内的展会,有稳定的客源及坚强的合作伙伴，生产质量好有竞争力的产品。

四、工厂主要生产皮具、箱包及户外打猎、钓鱼产品，服务于欧美主要户外用品品牌公司。
公司内部讲究分工负责，团队合作的精神，用热情与活力来完成所接洽的事物。

    我们欢迎英语佳，有高度责任心和荣誉心，勇于接受挑战，并具所述资格的人才加入我们的行列。
 
待遇: 面议
福利待遇: 

1、免费提供食宿（每餐均为三菜一汤，全新的宿舍，宿舍配备独立卫生间两间、空调WIFI等；
2、按照国家法定规定发放节假日（春节假期为10-12天带薪休假），享有产假、假等假期；
3、每月定时发工资，按国家规定为员工购买社保；
4、定期举办员工娱乐活动、员工生日礼物、节假日礼品派发。
5、业务技巧的培训 业务PK文化 业务共享、年度达到公司指标的享受国内旅游。","一、我司成立于1998年，是一家集贸易及制造为一体的外向型出口企业。
1、专注于跨境电子商务，凭借着成熟的销售网络，完善的办公系统，多年来稳定发展，业绩不断取得突破。
2、公司在阿里巴巴国际站深耕细作，得到过马云亲临指导。是阿里的深度合作伙",,
f83273b9a3284dc70nZz0929F1tV,皮具（小钱包夹子）开料啤机铲皮,6.5-8K,学历不限,[],1-3年,"会看皮纹，都是高档真皮
负责开料+小铲边
⼯作10个半⼩时
另外招个台⾯，涂胶水之类学徒也行
包吃有⾷堂 不包住 补贴150",广州白云区均禾,广州白云区飞粤汽车维修服务有限公司2楼,https://www.zhipin.com/job_detail/f83273b9a3284dc70nZz0929F1tV.html,广州儒曼尔服装有...,未融资,电子商务,0-20人,"成立于2022年，佛山市宇宙赚钱服饰有限公司在厂州州新创立的一家分部工作室， RFTU 以总公司相同的方向与理念，在广州等地区开始探索延伸出更多的时尚风格元素，深度发掘当下年轻男女的时尚潮流为重心，同时打造公司团队为设计前卫、内容运营、自媒体、面料考究、工艺独特等全方面完善的体系，并以严谨、完善、高效的营销架构与服务支持体系力创中国优秀时尚年轻品牌服饰。
介
坚持原创，追求与众不同的设计理念和细节，用小细节突出设计感，如一坚持自己的风格腔调，不会盲目比拼价格，品牌价值高于一切，品牌成立至今我们天马行空，不停地探索。","['绩效奖金', '工龄奖', '团建聚餐', '零食下午茶', '节假日加班费', '加班补助', '全勤奖', '节日福利', '保底工资', '五险一金', '生日福利', '底薪加提成']",https://www.zhipin.com/gongsi/26960227837b816f0HF-2ty0FQ~~.html,「广州儒曼尔服装有...招聘」-BOSS直聘,"成立于2022年，佛山市宇宙赚钱服饰有限公司在厂州州新创立的一家分部工作室， RFTU 以总公司相同的方向与理念，在广州等地区开始探索延伸出更多的时尚风格元素，深度发掘当下年轻男女的时尚潮流为重心，同时打造公司团队为设计前卫、内容运营、自媒体、面料考究、工艺独特等全方面完善的体系，并以严谨、完善、高效的营销架构与服务支持体系力创中国优秀时尚年轻品牌服饰。
介
坚持原创，追求与众不同的设计理念和细节，用小细节突出设计感，如一坚持自己的风格腔调，不会盲目比拼价格，品牌价值高于一切，品牌成立至今我们天马行空，不停地探索。",成立于2022年，佛山市宇宙赚钱服饰有限公司在厂州州新创立的一家分部工作室， RFTU 以总公司相同的方向与理念，在广州等地区开始探索延伸出更多的时尚风格元素，深度发掘当下年轻男女的时尚潮流为重心，同时打造公司团队为设计前卫、内容运营、自媒,,
db5d9d8cdb1389e70nN-2tq1GFNV,兼职皮具仓库理货员,20-25元/时,学历不限,[],1-3年,"工作周期：长期兼职
每周工期：5天及以上
工作时间：13:30-19:00
工作时段：不限
结算⽅式：⽉结
1、负责仓库来货理货上架等⽇常出入库的工作，整理仓库，整理货架，保持货架整齐整洁。
2、根据配货单配货，拆包，包装，装箱打包。

任职资格：
1、有较强的沟通能⼒，做事细心，自觉主动，态度端正，勤劳好学，责任心强。
2、懂电脑办公软件Word和Excel的应用。
3、年龄22-50岁。
上班时间：下午1点半至7点
有意向者每天下午四点至五点可直接过来咨询面试，面试地址，白云区解决北路1339号柏丽A座二楼A2055档
招长期兼职
上班地点：广州市白云区梓元岗路
前6个月每小时20元，6个月后每小时23元,一年后每小时25元。每月按上班总工时数计薪资。",广州白云区三元里,广州白云区柏丽NYC-A座二楼A2055档拉菲皮具,https://www.zhipin.com/job_detail/db5d9d8cdb1389e70nN-2tq1GFNV.html,三元里拉菲皮具,不需要融资,批发/零售,0-20人,批发，零售皮具，男士包。,"['保底工资', '有无线网', '全勤奖']",https://www.zhipin.com/gongsi/794e22e4cdd03b8c1HR83N28Ew~~.html,「三元里拉菲皮具招聘」-BOSS直聘,批发，零售皮具，男士包。,批发，零售皮具，男士包。,,
9f07b6bbf4e44dab0nZ92dS0FlpW,皮具门店营业员,5-7K,学历不限,"['服饰鞋包', '鞋包', '不需要晚班/夜班', '需要店员经验', '不需要长时间站立', '不需要倒班']",1-3年,"岗位职责：
1.负责门店⽇常销售与顾客接待
2.维护商品陈列与店⾯整洁

任职要求：
1.25周岁以上，硬性要求！需具备⼀年以上女包销售经验
2、具备良好的服务意识与沟通能力
3、⼯作积极主动，认真负责，服从公司各项安排",广州白云区三元里,广州白云区越秀·中港皮具城,https://www.zhipin.com/job_detail/9f07b6bbf4e44dab0nZ92dS0FlpW.html,易生福服务,未融资,服装/纺织,20-99人,公司从事品牌箱包加工行业30多年，是一家完整的箱包供应链公司。从箱包设计、开发、生产、服务等。公司属于一个年轻的团队，注重培养员工工作能力、工作技能及团队合作。公司办公环境优美，崭新时尚宽敞的现代化办公室，办公氛围轻松和谐，积极向上。,[],https://www.zhipin.com/gongsi/ad423c9b8706e51b1HV43ty1GFc~.html,「易生福服务招聘」-BOSS直聘,公司从事品牌箱包加工行业30多年，是一家完整的箱包供应链公司。从箱包设计、开发、生产、服务等。公司属于一个年轻的团队，注重培养员工工作能力、工作技能及团队合作。公司办公环境优美，崭新时尚宽敞的现代化办公室，办公氛围轻松和谐，积极向上。,公司从事品牌箱包加工行业30多年，是一家完整的箱包供应链公司。从箱包设计、开发、生产、服务等。公司属于一个年轻的团队，注重培养员工工作能力、工作技能及团队合作。公司办公环境优美，崭新时尚宽敞的现代化办公室，办公氛围轻松和谐，积极向上。,,
22c1d47b87669c9b1Hd_2t20EVtS,皮具台面,5-6.5K,学历不限,"['月结工资', '台面', '缝纫工']",经验不限,"待遇面议，有意者请携带有效身份证前来应聘。
男女不限，熟手优先，能吃苦耐劳，短期勿扰,有责任心，服从管理，有意者直接电话咨询或到公司面谈。",广州,广州增城区广州贝衣恋服饰有限公司,https://www.zhipin.com/job_detail/22c1d47b87669c9b1Hd_2t20EVtS.html,广州婧玉贸易有限公司,未融资,电子商务,0-20人,发展皮具产品，经营丰富多彩,['年终奖'],https://www.zhipin.com/gongsi/1d414b5dab89012b1HZ92N68Fls~.html,「广州婧玉贸易有限公司招聘」-BOSS直聘,发展皮具产品，经营丰富多彩,发展皮具产品，经营丰富多彩,,
